{
  "vitest.config.ts": 1779744607.9937384,
  "test/unit/billing-webhook.test.ts": 1779745564.2355332,
  "test/unit/contact-service.test.ts": 1779743461.8064132,
  "test/unit/billing-stripe-signature.test.ts": 1779745642.2536778,
  "test/unit/segment-schemas.test.ts": 1779743169.6871247,
  "test/unit/workflow-rbac.test.ts": 1779744021.9529576,
  "test/unit/plan-limits.test.ts": 1779745487.4453983,
  "test/unit/contact-schemas.test.ts": 1779743157.1077304,
  "test/unit/workflow-service.test.ts": 1779744053.6009688,
  "test/unit/segment-service.test.ts": 1779743475.087189,
  "test/unit/billing-service.test.ts": 1779745528.5227003,
  "test/unit/graph-validator.test.ts": 1779744013.27108,
  "test/unit/billing-rbac.test.ts": 1779745479.1184287,
  "test/unit/billing-schemas.test.ts": 1779745472.1543744,
  "test/unit/event-schemas.test.ts": 1779741947.9126105,
  "test/unit/contacts-segments-rbac.test.ts": 1779743179.3423269,
  "test/integration/contacts.test.ts": 1779743269.5624835,
  "test/integration/events.test.ts": 1779742017.8099735,
  "test/integration/billing.test.ts": 1779745620.7331367,
  "test/integration/campaigns.test.ts": 1779743466.030073,
  "test/integration/segments.test.ts": 1779743299.5718937,
  "test/integration/workflows.test.ts": 1779744100.9494824,
  "test/integration/helpers/app.ts": 1779745592.464336,
  "src/app/routes.ts": 1779745024.9008272,
  "src/config/index.ts": 1779744593.0199957,
  "src/plugins/auth.plugin.ts": 1779745434.5616853,
  "src/constants/plan-limits.ts": 1779744584.435562,
  "src/constants/rbac.ts": 1779743939.7430997,
  "src/constants/nats-subjects.ts": 1779743835.7712002,
  "src/shared/database/schema/workflows.ts": 1779743722.8967638,
  "src/shared/database/schema/api-keys.ts": 1779741396.632229,
  "src/shared/database/schema/index.ts": 1779744641.8455207,
  "src/shared/database/schema/billing.ts": 1779744638.278444,
  "src/shared/database/schema/contacts.ts": 1779743457.899792,
  "src/shared/payments/stripe.ts": 1779745419.7633004,
  "src/observability/billing-metrics.ts": 1779744799.8047473,
  "src/observability/workflow-metrics.ts": 1779743840.9076424,
  "src/observability/contacts-metrics.ts": 1779742949.0336404,
  "src/modules/auth/services/audit.service.ts": 1779744792.5977664,
  "src/modules/contacts/repositories/contact.repository.ts": 1779743354.7160997,
  "src/modules/contacts/schemas/contact.schema.ts": 1779743350.0648,
  "src/modules/contacts/services/contact.service.ts": 1779743412.044774,
  "src/modules/workflows/routes.ts": 1779743909.5462582,
  "src/modules/workflows/repositories/workflow.repository.ts": 1779743802.0882359,
  "src/modules/workflows/schemas/workflow.schema.ts": 1779743817.9487078,
  "src/modules/workflows/validators/graph-validator.ts": 1779743775.3582323,
  "src/modules/workflows/controllers/workflow.controller.ts": 1779743893.1589556,
  "src/modules/workflows/services/workflow.service.ts": 1779743872.6346998,
  "src/modules/campaigns/services/campaign.service.ts": 1779743359.826679,
  "src/modules/events/repositories/event.repository.ts": 1779741705.21497,
  "src/modules/billing/routes.ts": 1779745014.7596843,
  "src/modules/billing/stripe-webhook.handler.ts": 1779744954.8874915,
  "src/modules/billing/repositories/billing.repository.ts": 1779744777.4981525,
  "src/modules/billing/schemas/billing.schema.ts": 1779744806.40151,
  "src/modules/billing/controllers/billing.controller.ts": 1779744989.5921388,
  "src/modules/billing/services/billing.service.ts": 1779744876.4342823,
  "src/modules/segments/repositories/segment.repository.ts": 1779743452.228392,
  "src/modules/segments/services/segment.service.ts": 1779743435.021336,
  "docs/README.md": 1779747148.4586031,
  "docs/database/schema.md": 1779747229.4116955,
  "docs/auth/rbac.md": 1779747286.3589478,
  "docs/architecture/overview.md": 1779747255.02199,
  "docs/architecture/nats-events.md": 1779747277.0986717,
  "docs/deployment/environment.md": 1779747268.3142128,
  "docs/api/workflows.md": 1779744437.0861912,
  "docs/api/transactional.md": 1779740826.6168437,
  "docs/api/workspaces.md": 1779743242.9336905,
  "docs/api/billing.md": 1779747193.0639558,
  "docs/api/README.md": 1779747157.3588407,
  "docs/api/contacts.md": 1779744379.7659698,
  "docs/api/error-codes.md": 1779747221.70524,
  "docs/api/campaigns.md": 1779740852.626486,
  "docs/api/segments.md": 1779744400.9651976,
  "graphify-out/GRAPH_REPORT.md": 1779748207.6217463
}